Id,Label,Community,Degree,WeightedPageRank,Betweenness
Joey,Joey,1,268,0.12331855146199833,0.32379836219121677
Ross,Ross,1,243,0.12284517412226521,0.27184169810809955
Chandler,Chandler,1,237,0.1255327738101539,0.23123342545109143
Rachel,Rachel,1,228,0.11638345822547072,0.2382209768317997
Monica,Monica,1,207,0.1222910606637565,0.18315050021357984
Phoebe,Phoebe,1,206,0.10987221955890089,0.19072961731746438
Judy,Judy,1,19,0.004415374670319073,0.0026410970522803435
Gunther,Gunther,1,18,0.0027934254216336316,0.0033228940462148603
Jack,Jack,1,17,0.004259052226074273,0.0016209796302631763
Mike,Mike,1,17,0.004762058744563413,0.008299276086891962
Emily,Emily,1,16,0.002126847975467876,0.0023865759097856875
FrankJr,FrankJr,1,15,0.0023866166652869013,0.005514858234222674
Richard,Richard,1,13,0.0024027985976293902,0.006393507655495538
Carol,Carol,1,12,0.0024795149375780494,0.00178228237866218
Charlie,Charlie,1,12,0.0022648300421157616,0.004623931785707346
registrar,registrar,1,12,0.0005760375690583957,0.0011625800604951788
NoraBing,NoraBing,1,11,0.001116878564970463,0.0032614038753268786
Ben,Ben,1,11,0.0025963069756306367,0.0018062912530947823
Joshua,Joshua,1,11,0.0012592264856129626,0.0059406729074085165
Emma,Emma,1,11,0.0021413465493055053,0.0007745096151244901
LeonardGreen,LeonardGreen,1,9,0.001288171824545388,0.0029737660224192436
Susan,Susan,1,9,0.0016785340525414952,0.00042110235958410476
Janice,Janice,1,9,0.0027365854599186194,0.0035561958798189393
Pete,Pete,1,9,0.0012175545108514107,0.00577397981521995
duck,duck,1,9,0.0009810537833836632,0.0004280371484478074
AndreaWaltham,AndreaWaltham,1,9,0.0006781036167440849,0.0001791749976704716
Amy,Amy,1,9,0.0014147673813581971,0.0026814792347296793
Elizabeth,Elizabeth,1,9,0.0012517858185025251,0.001694248357796227
Marcel,Marcel,1,8,0.0010310765541118034,0.0009701695405313788
MrTribbiani,MrTribbiani,1,8,0.00056864728141727,9.457265405730218e-05
babyJack,babyJack,1,8,0.0006964461274317878,0.003052435036799074
MrHeckles,MrHeckles,1,7,0.0005998127500096492,0.0003965417400831352
David,David,1,7,0.0009745729688597023,0.0007444255088964209
Roger,Roger,1,7,0.0005758869088769842,0.0
nurse,nurse,1,7,0.0004559353909030201,0.0006818412248716199
Julie,Julie,1,7,0.0012947071724767327,0.00010158935793640857
MrTreeger,MrTreeger,1,7,0.000802057237092354,0.00045778329564788466
Erica,Erica,1,7,0.0011827974385285804,0.0006262921772934906
chick,chick,1,7,0.0007650008783062773,0.0002587094788005237
Tommy,Tommy,1,7,0.0006783895447239391,0.0027219960759061984
Tim,Tim,1,7,0.0005408985383989105,0.0
Tomas,Tomas,1,7,0.00038275828811157976,0.0
Kathy,Kathy,1,7,0.0009623072281558748,0.002680965147453083
Danny,Danny,1,7,0.0008743633034189215,0.0008611818695126529
PaulStevens,PaulStevens,1,7,0.0011722322730116118,0.0
Tag,Tag,1,7,0.0014899427994168833,0.00015978863627171414
HelenaHandbasket,HelenaHandbasket,1,7,0.0007543659533747943,0.002680965147453083
Mona,Mona,1,7,0.0012154969143272985,0.0011991342770262092
interviewer,interviewer,1,7,0.0007309982413104865,0.0
Gavin,Gavin,1,7,0.0007566089572475705,0.00044205595128850544
Paul,Paul,1,6,0.0004800854176810484,0.0
Alan,Alan,1,6,0.0003513138439794248,0.0
Paolo,Paolo,1,6,0.0008460171470890666,0.0
Danielle,Danielle,1,6,0.00039469903240666826,0.0
SandraGreen,SandraGreen,1,6,0.0012085280167398137,0.0
waiter_2_5,waiter_2_5,1,6,0.00043874163197787886,0.0
Erika,Erika,1,6,0.000540059943526428,3.917202245647461e-05
Eddie,Eddie,1,6,0.000739162019060625,0.0006806219552499465
Robert,Robert,1,6,0.00043908262738719285,0.0
Alice,Alice,1,6,0.0008774500511757782,0.0
director_3_22,director_3_22,1,6,0.0004739110517923469,0.000613513703191085
Bonnie,Bonnie,1,6,0.0008297966838193121,0.0
StevenWaltham,StevenWaltham,1,6,0.0006772665820446176,0.0
RevBong,RevBong,1,6,0.00033047622384207455,0.0
Gary,Gary,1,6,0.0010843539731121175,0.0
Jill,Jill,1,6,0.0008073625366115085,0.0
Will,Will,1,6,0.0005686452220511588,0.0
waiter_s8&s9,waiter_s8&s9,1,6,0.0008530337001960401,0.005542297765969435
Parker,Parker,1,6,0.0005239175910841747,0.0
Molly,Molly,1,6,0.0006057123677048127,0.00050202698681386
babyErica,babyErica,1,6,0.00039412904968915395,0.0
funBobby,funBobby,1,5,0.0004991704301137603,0.0
Ronni,Ronni,1,5,0.000439861773781831,0.0
waiter,waiter,1,5,0.0003205942267204944,0.0
firemanDave,firemanDave,1,5,0.00043670327543755935,0.0
firemanCharlie,firemanCharlie,1,5,0.000382596230683214,0.0
firemanEd,firemanEd,1,5,0.000382596230683214,0.0
DrMitchel,DrMitchel,1,5,0.0004955150695779538,0.00011711622170984896
LuisaGianetti,LuisaGianetti,1,5,0.0004395571564722773,0.0
Lydia,Lydia,1,5,0.0007606434378346926,0.0029016799515386984
Russ,Russ,1,5,0.00045987502848061055,0.0
Estelle,Estelle,1,5,0.0006560071276771692,0.0026809651474530836
securityGuard,securityGuard,1,5,0.0004291872255774154,0.0005757255952527946
Kate,Kate,1,5,0.0008899825348725274,1.0196064319172798e-05
Joanna,Joanna,1,5,0.000928379820422291,0.00041421725499671383
DrTimothyBurke,DrTimothyBurke,1,5,0.00039193616286069244,0.0
doctor_5_8,doctor_5_8,1,5,0.000407870749571333,0.0003403814698954781
MrZelner,MrZelner,1,5,0.0005044514908354895,7.486901264902944e-05
grandmaTribbiani,grandmaTribbiani,1,5,0.0004635293070348684,0.0
Janine,Janine,1,5,0.0011215748365398523,0.0
fireman1,fireman1,1,5,0.00030858568231129145,0.0
Kyle,Kyle,1,5,0.00037650254892266147,0.00023389828668990897
frontDeskClerk,frontDeskClerk,1,5,0.0003294233024486417,0.0
DrOberman,DrOberman,1,4,0.0003091689664777071,0.0
Tony,Tony,1,4,0.00028800042176724863,0.0
auntLillian,auntLillian,1,4,0.0003687453715998097,0.0
Kristen,Kristen,1,4,0.00039866855635997786,0.0
Steve,Steve,1,4,0.0004728465968641054,0.00032451603551159107
Ursula,Ursula,1,4,0.0005050799424783213,0.0001051912143730703
teacher,teacher,1,4,0.00037765695147920616,8.317646531296083e-05
DrFranzblau,DrFranzblau,1,4,0.0004612611817356756,2.8353251449136436e-05
Eric,Eric,1,4,0.00048660995431686906,8.996527340446588e-07
Mark,Mark,1,4,0.0005911160003938987,1.7136242553231594e-06
Dina,Dina,1,4,0.0005033480603030797,0.00010194306755834009
Nancy,Nancy,1,4,0.00045478213875599805,0.00011106402386280138
Sophie,Sophie,1,4,0.0006141965988750861,0.00010926471839471218
Vince,Vince,1,4,0.00037512240871416514,0.0003952302982477352
GuruSaj,GuruSaj,1,4,0.0002927970078899552,0.0
DrHarard,DrHarard,1,4,0.0004474307031022475,0.0
FrankJrJr,FrankJrJr,1,4,0.0004170740676778212,0.0
LeslieBuffay,LeslieBuffay,1,4,0.000459319290670036,0.0
ChandlerBuffay,ChandlerBuffay,1,4,0.0004170740676778212,0.0
stageManager,stageManager,1,4,0.0004136687512500982,0.000372147779528532
Jen,Jen,1,4,0.00041251142805716335,0.00042236982239141513
Kim,Kim,1,4,0.0006824240864087611,0.00032004074998479183
Randall,Randall,1,4,0.00036293281496933014,5.626092064726749e-05
MrThompson,MrThompson,1,4,0.00043093822417658616,0.00044812987900956025
Erin,Erin,1,4,0.0005586819761415947,0.00023186621392713838
Cassie,Cassie,1,4,0.00030808563765566367,0.0
greekPriest,greekPriest,1,4,0.000308737166415679,0.0
DonnyOsmond,DonnyOsmond,1,4,0.001059616794168185,0.002682764452921172
doctor_10_17,doctor_10_17,1,4,0.000507775206585328,1.1995369787262115e-06
nurseSizemore,nurseSizemore,1,3,0.00033193298893320226,0.0
pizzaGuy,pizzaGuy,1,3,0.0002645351336767086,0.0
Angela,Angela,1,3,0.0005336570587299194,0.0
Bob,Bob,1,3,0.00042198253972751724,0.0
NanasNurse,NanasNurse,1,3,0.0002641441403150948,0.0
Lowell,Lowell,1,3,0.00026535747598753034,0.0
MrDouglas,MrDouglas,1,3,0.0003267494858110577,0.00024651484526972566
admissionsWoman,admissionsWoman,1,3,0.0002860071765943648,0.0
DrRosen,DrRosen,1,3,0.00034914104096576385,0.0
auntIris,auntIris,1,3,0.00028537275381405885,0.0
fakeMonica,fakeMonica,1,3,0.0003516428483306801,0.0
Melanie,Melanie,1,3,0.00031177783498290075,0.0
hombreMan,hombreMan,1,3,0.0006147044115150779,0.0026809651474530827
MrBuddyDoyle,MrBuddyDoyle,1,3,0.00027031070180547745,0.0
Duncan,Duncan,1,3,0.0003603013465223418,0.00023186621392713838
StevenFishman,StevenFishman,1,3,0.0002649389773744035,0.0
Stephanie,Stephanie,1,3,0.0003509945932590483,0.0
partyGuest,partyGuest,1,3,0.0002664919434234641,0.0
vanDamme,vanDamme,1,3,0.0002659219607059498,0.0
Roy,Roy,1,3,0.0004549303343524921,0.0
RichardsFriend,RichardsFriend,1,3,0.0002673960886360051,0.0
Carl,Carl,1,3,0.0003957723932948382,0.0
Arthur,Arthur,1,3,0.0003957723932948382,0.0
MrsBuffay,MrsBuffay,1,3,0.00027005060836681404,0.0
Ryan,Ryan,1,3,0.0004591784553523516,0.0
Jasmine,Jasmine,1,3,0.0002692982041178788,0.0
IsabellaRossellini,IsabellaRossellini,1,3,0.00026573953917452894,0.0
Cookie,Cookie,1,3,0.00031016042887104845,0.0
stripper,stripper,1,3,0.0003540929960370021,0.0
Chloe,Chloe,1,3,0.00042024755930526974,0.0
Misha,Misha,1,3,0.00046426829334294227,0.00015252112684503765
Lauren,Lauren,1,3,0.0003981007545142953,0.00012849624460542646
Cailin,Cailin,1,3,0.00030189988626987835,0.0
Doug,Doug,1,3,0.0006306513844036012,0.0
Liam,Liam,1,3,0.00034265509745628423,0.0
Devon,Devon,1,3,0.00034265509745628423,0.0
doctor(vet),doctor(vet),1,3,0.0002667443030167716,0.0
ticketAgent,ticketAgent,1,3,0.0002655880550701414,0.0
Dan,Dan,1,3,0.0003277694609106612,0.0
Larry,Larry,1,3,0.00030718579214102906,0.0
Kara,Kara,1,3,0.0004376930522698053,0.0
Caitlin,Caitlin,1,3,0.0003090376835601766,0.0
director_6_4,director_6_4,1,3,0.00034165535815278353,0.0
Alex,Alex,1,3,0.00034165535815278353,0.0
twinCarl,twinCarl,1,3,0.00026569138162333875,0.0
Sebastian,Sebastian,1,3,0.00026510511639422294,0.0
museumOfficial,museumOfficial,1,3,0.0002645351336767086,0.0
Lisa,Lisa,1,3,0.0003344909449158752,0.0
Melissa,Melissa,1,3,0.00037328296294058004,0.0
Whitney,Whitney,1,3,0.0003191705260607337,0.0
Frannie,Frannie,1,3,0.00038402440691655986,0.00023618026298991452
JessicaLockhart,JessicaLockhart,1,3,0.0004234178173217352,0.0
Megan,Megan,1,3,0.0003491046746393618,0.0
Jake,Jake,1,3,0.00030805213501990537,0.0
Dennis,Dennis,1,3,0.0002991334424575613,0.0
Kash,Kash,1,3,0.0003112560098165766,0.0
hooker,hooker,1,3,0.0003311495331127862,0.0
Bobby,Bobby,1,3,0.00036714233074291145,0.0
dateRoger,dateRoger,1,3,0.0002645351336767086,0.0
doctor_8_14,doctor_8_14,1,3,0.00028961782787910093,0.0
Don,Don,1,3,0.00032780589633678943,0.0
Ray,Ray,1,3,0.0003365316936416672,0.0001506475643258843
Julie_8_23,Julie_8_23,1,3,0.00034681242572194234,0.0
Marc,Marc,1,3,0.00034681242572194234,0.0
EvilBitch,EvilBitch,1,3,0.00034092904218140443,0.0
SickBastard,SickBastard,1,3,0.00034092904218140443,0.0
Sid,Sid,1,3,0.00026647766899421543,0.0
nurseKitty,nurseKitty,1,3,0.00030929314080279535,0.0
MaryEllen,MaryEllen,1,3,0.0003333118530720043,0.0
Sandy,Sandy,1,3,0.0005301567505934202,0.0
Bill,Bill,1,3,0.0002655880550701414,0.0
blonde1,blonde1,1,3,0.00034060387946938445,0.0
blonde2,blonde2,1,3,0.00034060387946938445,0.0
Michelle,Michelle,1,3,0.0005463591285332321,0.0026809651474530827
Manny,Manny,1,3,0.00026525220731933694,0.0
Kori,Kori,1,3,0.0002649389773744035,0.0
Zack,Zack,1,3,0.00044552963174112063,0.00012608133260561422
fanSarah,fanSarah,1,3,0.0002694083534804693,0.0
Laura,Laura,1,3,0.0004799581651516346,0.0
adoptionAgencyWorker,adoptionAgencyWorker,1,3,0.0003753970464600868,0.0
Ellen,Ellen,1,3,0.00026519416851817154,0.0
duckJr,duckJr,1,3,0.00028875282601618387,0.0
chickJr,chickJr,1,3,0.00028875282601618387,0.0
waitress,waitress,1,2,0.0002649171968637072,0.0
Marsha,Marsha,1,2,0.00024441289582254446,0.0
Allan,Allan,1,2,0.00024304843584362047,0.0
Joanne,Joanne,1,2,0.00024327901492623153,0.0
visaCardGuy,visaCardGuy,1,2,0.00024384899764374587,0.0
horribleWoman,horribleWoman,1,2,0.0003094988417253987,0.0
Nana,Nana,1,2,0.00024353137451953893,0.0
Terry,Terry,1,2,0.0003110036502232691,0.0
Max,Max,1,2,0.00036111159711348345,0.0
Sandy_date,Sandy_date,1,2,0.00026692672454819245,0.0
kids,kids,1,2,0.00028721451488255515,0.0
comaGuy,comaGuy,1,2,0.0003479220496522378,0.0
Lorraine,Lorraine,1,2,0.0003115472559002897,0.0
Ed,Ed,1,2,0.00024289695173923293,0.0
Celia,Celia,1,2,0.0002696175127468455,0.0
Wendy,Wendy,1,2,0.00032810886454556445,0.0
Nina,Nina,1,2,0.00035585921563261987,0.0
receptionist_1_17,receptionist_1_17,1,2,0.00024304843584362047,0.0
Samantha,Samantha,1,2,0.0002448537614859885,0.0
SamanthasRoomate,SamanthasRoomate,1,2,0.0002448537614859885,0.0
Sydney,Sydney,1,2,0.00024428377876847417,0.0
Lydiasmother,Lydiasmother,1,2,0.0002822118312777683,0.0
Annabel,Annabel,1,2,0.00039917982255961455,0.0
Jade,Jade,1,2,0.0003090765700505823,0.0
woman_2_6,woman_2_6,1,2,0.0002448537614859885,0.0
DrKarl,DrKarl,1,2,0.0003081500777184553,0.0
girl1,girl1,1,2,0.0002436289628659978,0.0
girl2,girl2,1,2,0.0002436289628659978,0.0
transitOff.Guy,transitOff.Guy,1,2,0.00028890431012057135,0.0
MrAdelman,MrAdelman,1,2,0.000244702277381601,0.0
littleBoy,littleBoy,1,2,0.0002434669344567473,0.0
SusieMoss,SusieMoss,1,2,0.00032973176865651164,0.0
Cathy,Cathy,1,2,0.0002448537614859885,0.0
Chip,Chip,1,2,0.0003274300572757579,0.0
JudysFriend,JudysFriend,1,2,0.00024225359878431174,0.0
producer,producer,1,2,0.0002673452231613193,0.0
Tilly,Tilly,1,2,0.00025212163473710436,0.0
dog,dog,1,2,0.00028860134191179633,0.0
ScottAlexander,ScottAlexander,1,2,0.0002448537614859885,0.0
Richard'sDaughter,Richard'sDaughter,1,2,0.00024289695173923293,0.0
ShermanWhitfield,ShermanWhitfield,1,2,0.0002441013572370533,0.0
Jester,Jester,1,2,0.00024428377876847417,0.0
uglyNakedGuy,uglyNakedGuy,1,2,0.000245336700161907,0.0
Margha,Margha,1,2,0.00028890431012057135,0.0
Sarah,Sarah,1,2,0.00026722724169269004,0.0
MaryTherese,MaryTherese,1,2,0.0002662613643408531,0.0
Gina,Gina,1,2,0.0002448537614859885,0.0
MaryAngela,MaryAngela,1,2,0.00028766896719571765,0.0
Tina,Tina,1,2,0.0002448537614859885,0.0
Veronica,Veronica,1,2,0.0002662613643408531,0.0
Leslie,Leslie,1,2,0.00032972675238350925,0.0
Ginger,Ginger,1,2,0.00028766896719571765,0.0
Sergei,Sergei,1,2,0.00043379014012835876,0.0
director_3_19,director_3_19,1,2,0.00032569247450505074,0.0
director_3_20,director_3_20,1,2,0.00032569247450505074,0.0
Jason,Jason,1,2,0.0003177056211596425,0.0
cat/Lilly,cat/Lilly,1,2,0.0002864621106336199,0.0
Peter,Peter,1,2,0.0002448537614859885,0.0
gymReceptionist,gymReceptionist,1,2,0.0002441013572370533,0.0
Rick,Rick,1,2,0.0003311135794127505,0.0
bankManager,bankManager,1,2,0.0002441013572370533,0.0
Josh,Josh,1,2,0.00028575481700105745,0.0
Cheryl,Cheryl,1,2,0.000287312457581105,0.0
MrsBurkart,MrsBurkart,1,2,0.00024289695173923293,0.0
MrPosner,MrPosner,1,2,0.0002553114556590211,0.0
MrsLynch,MrsLynch,1,2,0.0002769496375964967,0.0
DrZane,DrZane,1,2,0.00024740766258709576,0.0
MrWaltham,MrWaltham,1,2,0.0003611528641828585,0.0
doctor_4_17,doctor_4_17,1,2,0.00024369751353935836,0.0
singingGuy,singingGuy,1,2,0.0002450843405685996,0.0
Marjorie,Marjorie,1,2,0.00024304843584362047,0.0
vendor,vendor,1,2,0.0002448537614859885,0.0
waiter_4_24,waiter_4_24,1,2,0.0002448537614859885,0.0
Felicity,Felicity,1,2,0.0002810531956014891,0.0
olderGuest,olderGuest,1,2,0.00024304843584362047,0.0
Dave,Dave,1,2,0.00024421799768972323,0.0
Joey'sDoctor,Joey'sDoctor,1,2,0.00031326553750106185,0.0
GaryCollins,GaryCollins,1,2,0.000293764570457222,0.0
hotelClerk,hotelClerk,1,2,0.00024304843584362047,0.0
paramedic,paramedic,1,2,0.00029202059453407896,7.78828657558648e-05
femaleStudent,femaleStudent,1,2,0.00024289695173923293,0.0
Krista,Krista,1,2,0.0002795958829695042,0.0
Katie,Katie,1,2,0.00029037023212803617,0.0
neighborSteve,neighborSteve,1,2,0.0002658404146634488,0.0
couchSalesman,couchSalesman,1,2,0.00024433193631966436,0.0
oldMan,oldMan,1,2,0.00026722724169269004,0.0
man_5_17,man_5_17,1,2,0.00029281472153077194,0.0
director_5_18,director_5_18,1,2,0.0003890093491419259,0.0
Raymond,Raymond,1,2,0.0003890093491419259,0.0
DrMiller,DrMiller,1,2,0.00024327901492623153,0.0
flightAttendant,flightAttendant,1,2,0.00024433193631966436,0.0
elderlyWoman,elderlyWoman,1,2,0.0003166785949937792,0.0
drunkGambler,drunkGambler,1,2,0.00024304843584362047,0.0
Meg,Meg,1,2,0.00024394987313266576,0.0
Karin,Karin,1,2,0.00024394987313266576,0.0
Russel,Russel,1,2,0.00024433193631966436,0.0
professor,professor,1,2,0.00024433193631966436,0.0
judge,judge,1,2,0.00024433193631966436,0.0
RalphLauren,RalphLauren,1,2,0.00032140419864241476,0.0
fan,fan,1,2,0.000244702277381601,0.0
DrRoger,DrRoger,1,2,0.0002651213989058244,0.0
fireman2,fireman2,1,2,0.00024369751353935836,0.0
Patrick,Patrick,1,2,0.000265335695476834,0.0
Wayne,Wayne,1,2,0.0003127825988251434,0.0
dryCleaner,dryCleaner,1,2,0.0002673452231613193,0.0
Hildy,Hildy,1,2,0.00024304843584362047,0.0
jeweler,jeweler,1,2,0.00026472305320722435,0.0
jewelryCustomer,jewelryCustomer,1,2,0.0002434669344567473,0.0
firstDormGuy,firstDormGuy,1,2,0.00024928703682553513,0.0
secondDormGuy,secondDormGuy,1,2,0.00024928703682553513,0.0
EmilAlexander,EmilAlexander,1,2,0.00028310107555891726,0.0
MrBowmont,MrBowmont,1,2,0.0002450843405685996,0.0
photographer,photographer,1,2,0.00028529365883583533,0.0
JulieGraff,JulieGraff,1,2,0.0002638860559809707,0.0
neighborGary,neighborGary,1,2,0.00024304843584362047,0.0
maitre_7_10,maitre_7_10,1,2,0.00026445603869848505,0.0
waiter_7_11,waiter_7_11,1,2,0.000244702277381601,0.0
Stuart,Stuart,1,2,0.000330467907257079,0.0
JessicaAshley,JessicaAshley,1,2,0.0002450843405685996,0.0
woman_7_22,woman_7_22,1,2,0.00024433193631966436,0.0
waiterInDrag,waiterInDrag,1,2,0.00024304843584362047,0.0
policeman1,policeman1,1,2,0.00024433193631966436,0.0
photographer_8_1,photographer_8_1,1,2,0.00024289695173923293,0.0
bandLeader,bandLeader,1,2,0.00024304843584362047,0.0
secondGirl,secondGirl,1,2,0.00025060995620232056,0.0
woman@wedding,woman@wedding,1,2,0.0002441013572370533,0.0
loungeGuy,loungeGuy,1,2,0.00024304843584362047,0.0
DrLong,DrLong,1,2,0.00043983265253686745,0.0
MrsVerhoeven,MrsVerhoeven,1,2,0.0002662224778504474,0.0
Brenda,Brenda,1,2,0.00028529365883583533,0.0
waitress_8_12,waitress_8_12,1,2,0.0002450843405685996,0.0
Alexandra,Alexandra,1,2,0.00024289695173923293,0.0
Mona'sDate,Mona'sDate,1,2,0.0002785261580224524,0.0
femaleGuest,femaleGuest,1,2,0.00028786065978792305,0.0
uncleDan,uncleDan,1,2,0.00024433193631966436,0.0
auntLisa,auntLisa,1,2,0.00024433193631966436,0.0
maleGuest,maleGuest,1,2,0.00024433193631966436,0.0
Katie_8_21,Katie_8_21,1,2,0.00028786065978792305,0.0
foodCritic,foodCritic,1,2,0.00024428377876847417,0.0
cook.ClassTeacher,cook.ClassTeacher,1,2,0.00030860196482289295,0.0
Cliff,Cliff,1,2,0.00028721451488255515,0.0
womanInContr.,womanInContr.,1,2,0.00024433193631966436,0.0
secondNurse,secondNurse,1,2,0.000244702277381601,0.0
nurse3,nurse3,1,2,0.00024304843584362047,0.0
waiter_9_5,waiter_9_5,1,2,0.00026595839613207804,0.0
maitre_9_5,maitre_9_5,1,2,0.000244702277381601,0.0
prospectiveNanny,prospectiveNanny,1,2,0.00024433193631966436,0.0
Catherine,Catherine,1,2,0.0002448537614859885,0.0
Kevin,Kevin,1,2,0.00024369751353935836,0.0
director_9_11,director_9_11,1,2,0.00037639947097218706,0.0
soapActor,soapActor,1,2,0.0002673452231613193,0.0
Heather,Heather,1,2,0.0002545907389824691,0.0
Tabitha,Tabitha,1,2,0.00025946235697191407,0.0
LeonardHayes,LeonardHayes,1,2,0.00039978215889553426,0.0
femaleProducer,femaleProducer,1,2,0.0003027178381505057,0.0
TomGordon,TomGordon,1,2,0.00028529365883583533,0.0
director_9_19,director_9_19,1,2,0.0002450843405685996,0.0
ProfSpafford,ProfSpafford,1,2,0.0002686559492315341,0.0
Matthew,Matthew,1,2,0.00024327901492623153,0.0
Dirk,Dirk,1,2,0.000245336700161907,0.0
spaReceptionist,spaReceptionist,1,2,0.0002649536322898354,0.0
DrConnely,DrConnely,1,2,0.00026445603869848505,0.0
Jeanette,Jeanette,1,2,0.0002763020324719294,0.0
ProfKlarik,ProfKlarik,1,2,0.000246765407700751,0.0
Precious,Precious,1,2,0.0002656707059324637,0.0
Amanda,Amanda,1,2,0.00028586364155334964,0.0
agencyPerson,agencyPerson,1,2,0.0002448537614859885,0.0
charityClerk,charityClerk,1,2,0.0003316373358431487,0.0
Missy,Missy,1,2,0.000309290043153484,0.0
Gene,Gene,1,2,0.0008302386794874004,0.0
Henrietta,Henrietta,1,2,0.00029719197830789583,0.0
Adrienne,Adrienne,1,2,0.00026599189876783634,0.0
nurse_10_13,nurse_10_13,1,2,0.00028786065978792305,0.0
director_10_13,director_10_13,1,2,0.000244702277381601,0.0
realtor,realtor,1,2,0.00024304843584362047,0.0
Rita,Rita,1,2,0.00024441458718198666,0.0
manInCab,manInCab,1,2,0.00024394987313266576,0.0
Franny,Franny,1,1,0.00022164083298875588,0.0
Paula,Paula,1,1,0.0002424784531261061,0.0
Lizzy,Lizzy,1,1,0.00024331545035235976,0.0
Leslie_1_4,Leslie_1_4,1,1,0.00022244139478888128,0.0
brattyBoy,brattyBoy,1,1,0.0002226937543821887,0.0
neighbor,neighbor,1,1,0.00022221081570627022,0.0
actress(Eva),actress(Eva),1,1,0.00026873205019056046,0.0
Aurora,Aurora,1,1,0.00028643362427086395,0.0
director_1_6,director_1_6,1,1,0.00022344615863112392,0.0
JillGoodacre,JillGoodacre,1,1,0.0003720640356903223,0.0
Shelly,Shelly,1,1,0.0002436184185611348,0.0
Brian,Brian,1,1,0.00022221081570627022,0.0
customer_1_9,customer_1_9,1,1,0.00022244139478888128,0.0
obsessionGirl,obsessionGirl,1,1,0.00022344615863112392,0.0
girl_1_10,girl_1_10,1,1,0.00022221081570627022,0.0
JayLeno,JayLeno,1,1,0.0002324399480432601,0.0
Syl,Syl,1,1,0.00022164083298875588,0.0
receptionist_1_12,receptionist_1_12,1,1,0.0002220593316018827,0.0
GloriaTribbiani,GloriaTribbiani,1,1,0.0002460891044108422,0.0
MsTedlock,MsTedlock,1,1,0.00022221081570627022,0.0
MrCostilick,MrCostilick,1,1,0.00022221081570627022,0.0
Helen,Helen,1,1,0.0002436184185611348,0.0
Fran,Fran,1,1,0.00022221081570627022,0.0
Betty,Betty,1,1,0.0002220593316018827,0.0
PhoebeAsUrsula,PhoebeAsUrsula,1,1,0.00022344615863112392,0.0
Barbara,Barbara,1,1,0.00022244139478888128,0.0
customer_1_19,customer_1_19,1,1,0.00022244139478888128,0.0
DrBalharar,DrBalharar,1,1,0.0002226937543821887,0.0
creditCardGuy,creditCardGuy,1,1,0.00022164083298875588,0.0
flightWoman,flightWoman,1,1,0.0002226937543821887,0.0
director_1_21,director_1_21,1,1,0.00022344615863112392,0.0
Ethan,Ethan,1,1,0.0002841536934008066,0.0
Gerston,Gerston,1,1,0.00022221081570627022,0.0
Petrie,Petrie,1,1,0.00022221081570627022,0.0
Santos,Santos,1,1,0.00022221081570627022,0.0
babysfather,babysfather,1,1,0.00025956888549805,0.0
worker,worker,1,1,0.0002220593316018827,0.0
Carl(date),Carl(date),1,1,0.0002657177586638326,0.0
Frankie,Frankie,1,1,0.00022221081570627022,0.0
customer_2_2,customer_2_2,1,1,0.0003312509852204597,0.0
Janitor,Janitor,1,1,0.00022244139478888128,0.0
Allison,Allison,1,1,0.00022221081570627022,0.0
womanOnBench,womanOnBench,1,1,0.0002226937543821887,0.0
Leon,Leon,1,1,0.00022164083298875588,0.0
girl1InBus,girl1InBus,1,1,0.00022344615863112392,0.0
girl2InBus,girl2InBus,1,1,0.00022344615863112392,0.0
phoneGuy,phoneGuy,1,1,0.00022244139478888128,0.0
LeonRastatter,LeonRastatter,1,1,0.0002633160732634564,0.0
hotlinePerson,hotlinePerson,1,1,0.00022221081570627022,0.0
Frances,Frances,1,1,0.00024331545035235976,0.0
phoneInformation,phoneInformation,1,1,0.0002220593316018827,0.0
girl_2_9,girl_2_9,1,1,0.0002226937543821887,0.0
Lori,Lori,1,1,0.0002472631351212723,0.0
waiter_2_10,waiter_2_10,1,1,0.00022164083298875588,0.0
RobDonnen,RobDonnen,1,1,0.00030708380660379096,0.0
MrLipson,MrLipson,1,1,0.0002226937543821887,0.0
zooKeeper,zooKeeper,1,1,0.00024458429591297175,0.0
guy,guy,1,1,0.0002226937543821887,0.0
director_2_13,director_2_13,1,1,0.00022344615863112392,0.0
restManager,restManager,1,1,0.0002424784531261061,0.0
Gail,Gail,1,1,0.00022221081570627022,0.0
coffeeShopPatron_2_14,coffeeShopPatron_2_14,1,1,0.00022244139478888128,0.0
apartmentGuy,apartmentGuy,1,1,0.00022344615863112392,0.0
coffeeShopPatron_2_17,coffeeShopPatron_2_17,1,1,0.0002226937543821887,0.0
messenger,messenger,1,1,0.00022344615863112392,0.0
castingDir_2_19,castingDir_2_19,1,1,0.00022344615863112392,0.0
guests,guests,1,1,0.0002220593316018827,0.0
Jeannie,Jeannie,1,1,0.00022344615863112392,0.0
woman_2_24,woman_2_24,1,1,0.00022540185589142557,0.0
bandGuy,bandGuy,1,1,0.0002226937543821887,0.0
Malcom,Malcom,1,1,0.0002645715691028368,0.0
Mike(addGuy),Mike(addGuy),1,1,0.0002460891044108422,0.0
Annie,Annie,1,1,0.00024331545035235976,0.0
customer_3_5,customer_3_5,1,1,0.00022244139478888128,0.0
Kika,Kika,1,1,0.00022244139478888128,0.0
mattressKing,mattressKing,1,1,0.0002450946782005078,0.0
boyMattressShop,boyMattressShop,1,1,0.0002220593316018827,0.0
students_3_7,students_3_7,1,1,0.0002460891044108422,0.0
deliverMan,deliverMan,1,1,0.0002220593316018827,0.0
Cal,Cal,1,1,0.0002460891044108422,0.0
oldWoman,oldWoman,1,1,0.0002226937543821887,0.0
xMasCustomer,xMasCustomer,1,1,0.0002220593316018827,0.0
Charla,Charla,1,1,0.0002226937543821887,0.0
girlElizabeth,girlElizabeth,1,1,0.0002226937543821887,0.0
troopLeader,troopLeader,1,1,0.0002226937543821887,0.0
MrKaplanJr.,MrKaplanJr.,1,1,0.00024407957672635696,0.0
NonnaTribbiani,NonnaTribbiani,1,1,0.00022221081570627022,0.0
director_3_12,director_3_12,1,1,0.00026873205019056046,0.0
clerk,clerk,1,1,0.00022164083298875588,0.0
RichardsDate,RichardsDate,1,1,0.00022540185589142557,0.0
Isaac,Isaac,1,1,0.0002226937543821887,0.0
theaterPatron,theaterPatron,1,1,0.00024515038326720397,0.0
doctor_3_23,doctor_3_23,1,1,0.0002226937543821887,0.0
DrRhodes,DrRhodes,1,1,0.0002226937543821887,0.0
MrsBecker,MrsBecker,1,1,0.00022164083298875588,0.0
Hoshi,Hoshi,1,1,0.00023648062127083655,0.0
Phil,Phil,1,1,0.00022221081570627022,0.0
Stevens,Stevens,1,1,0.00022221081570627022,0.0
TankAbbott,TankAbbott,1,1,0.00023648062127083655,0.0
PhoebeAbbott,PhoebeAbbott,1,1,0.000328339925354268,0.0
thief,thief,1,1,0.00022344615863112392,0.0
salesman,salesman,1,1,0.00026873205019056046,0.0
Maria,Maria,1,1,0.0002226937543821887,0.0
Karen,Karen,1,1,0.00022221081570627022,0.0
interviewer_4_4,interviewer_4_4,1,1,0.0002220593316018827,0.0
Amanda(date),Amanda(date),1,1,0.0002226937543821887,0.0
Casey,Casey,1,1,0.00022344615863112392,0.0
receptionist_4_8,receptionist_4_8,1,1,0.00022164083298875588,0.0
Gandalf,Gandalf,1,1,0.00022221081570627022,0.0
Alessandro,Alessandro,1,1,0.0002424784531261061,0.0
Drew,Drew,1,1,0.00022221081570627022,0.0
MikeFromOff.,MikeFromOff.,1,1,0.00022221081570627022,0.0
PoughkeepsieWoman,PoughkeepsieWoman,1,1,0.0002226937543821887,0.0
kitchenWorker,kitchenWorker,1,1,0.00022164083298875588,0.0
waiter_4_10,waiter_4_10,1,1,0.00022164083298875588,0.0
womanOnTrain,womanOnTrain,1,1,0.0002226937543821887,0.0
smartKid,smartKid,1,1,0.00022344615863112392,0.0
olderScientist,olderScientist,1,1,0.0002226937543821887,0.0
TedGuide,TedGuide,1,1,0.0002226937543821887,0.0
ScottScientist,ScottScientist,1,1,0.0002226937543821887,0.0
actor,actor,1,1,0.00023109028072135703,0.0
director_4_14,director_4_14,1,1,0.00022344615863112392,0.0
C.Heston,C.Heston,1,1,0.0002460891044108422,0.0
patron_4_14,patron_4_14,1,1,0.0002220593316018827,0.0
mailman,mailman,1,1,0.00022221081570627022,0.0
tktcterAttendant,tktcterAttendant,1,1,0.00022221081570627022,0.0
MrBurgin,MrBurgin,1,1,0.00023770167464218074,0.0
MrsBurgin,MrsBurgin,1,1,0.00023770167464218074,0.0
saleswoman,saleswoman,1,1,0.00022164083298875588,0.0
SarahFerguson,SarahFerguson,1,1,0.00022344615863112392,0.0
h.keeperWaltham's,h.keeperWaltham's,1,1,0.0002220593316018827,0.0
passenger1,passenger1,1,1,0.00024407957672635696,0.0
passenger2,passenger2,1,1,0.00022244139478888128,0.0
woman_5_1,woman_5_1,1,1,0.00022244139478888128,0.0
fligthAttendant,fligthAttendant,1,1,0.00022244139478888128,0.0
receptionist_5_3,receptionist_5_3,1,1,0.0002220593316018827,0.0
AlicesMother,AlicesMother,1,1,0.0002261515438366187,0.0
PBSvolunteer,PBSvolunteer,1,1,0.00022344615863112392,0.0
housekeeper,housekeeper,1,1,0.00022221081570627022,0.0
soldierInBattle,soldierInBattle,1,1,0.0002220593316018827,0.0
soldierInHosp,soldierInHosp,1,1,0.0002220593316018827,0.0
Cynthia,Cynthia,1,1,0.00022344615863112392,0.0
Donald,Donald,1,1,0.0002883653789745379,0.0
man_5_10,man_5_10,1,1,0.0002220593316018827,0.0
Bob_5_10,Bob_5_10,1,1,0.0002220593316018827,0.0
Ginger_5_10,Ginger_5_10,1,1,0.0002220593316018827,0.0
ElizabethHornswoggle,ElizabethHornswoggle,1,1,0.0002664748374437548,0.0
MrsPinello,MrsPinello,1,1,0.0002220593316018827,0.0
FrankSr,FrankSr,1,1,0.00024331545035235976,0.0
castingDir_5_13,castingDir_5_13,1,1,0.00022344615863112392,0.0
smokingWoman,smokingWoman,1,1,0.0002220593316018827,0.0
couchSaleswoman,couchSaleswoman,1,1,0.0002226937543821887,0.0
littleGirl,littleGirl,1,1,0.00022344615863112392,0.0
Stanley,Stanley,1,1,0.00022344615863112392,0.0
tourist,tourist,1,1,0.0002460891044108422,0.0
airplaneGuy,airplaneGuy,1,1,0.00022244139478888128,0.0
croupier,croupier,1,1,0.0002424784531261061,0.0
attendant,attendant,1,1,0.00022244139478888128,0.0
womanDealer,womanDealer,1,1,0.00022344615863112392,0.0
potentialRoommate,potentialRoommate,1,1,0.0002460891044108422,0.0
castingDirector1,castingDirector1,1,1,0.0002460891044108422,0.0
kid,kid,1,1,0.00022344615863112392,0.0
castingDirector3,castingDirector3,1,1,0.00022344615863112392,0.0
student_6_4,student_6_4,1,1,0.0002226937543821887,0.0
passerby,passerby,1,1,0.00022344615863112392,0.0
woman_6_5,woman_6_5,1,1,0.00026873205019056046,0.0
Guy1,Guy1,1,1,0.00022344615863112392,0.0
porscheOwner,porscheOwner,1,1,0.00022344615863112392,0.0
Guy2,Guy2,1,1,0.00022344615863112392,0.0
Hilary,Hilary,1,1,0.0002226937543821887,0.0
tallGuy,tallGuy,1,1,0.0002460891044108422,0.0
dancingGirl,dancingGirl,1,1,0.00022344615863112392,0.0
womanAtTable,womanAtTable,1,1,0.00022344615863112392,0.0
customer_6_12,customer_6_12,1,1,0.00022344615863112392,0.0
patron,patron,1,1,0.00022344615863112392,0.0
femaleCustomer,femaleCustomer,1,1,0.00022344615863112392,0.0
malePatron,malePatron,1,1,0.00022344615863112392,0.0
woman2,woman2,1,1,0.00022344615863112392,0.0
Brindy,Brindy,1,1,0.0002220593316018827,0.0
Jack(boss),Jack(boss),1,1,0.0002220593316018827,0.0
receptionist_6_17,receptionist_6_17,1,1,0.00022344615863112392,0.0
instructor,instructor,1,1,0.0002226937543821887,0.0
Dana,Dana,1,1,0.0002436184185611348,0.0
Mel,Mel,1,1,0.0002226937543821887,0.0
Burt,Burt,1,1,0.0002226937543821887,0.0
Eldad,Eldad,1,1,0.00024407957672635696,0.0
robot,robot,1,1,0.0002460891044108422,0.0
dryCleaner'sWife,dryCleaner'sWife,1,1,0.00022344615863112392,0.0
Elizabeth'sRoommate,Elizabeth'sRoommate,1,1,0.0002226937543821887,0.0
neighbor_7_1,neighbor_7_1,1,1,0.00022164083298875588,0.0
woman_7_2,woman_7_2,1,1,0.0002226937543821887,0.0
Hilda,Hilda,1,1,0.00022244139478888128,0.0
waitress_7_7,waitress_7_7,1,1,0.00022164083298875588,0.0
girlStudent,girlStudent,1,1,0.0002226937543821887,0.0
guyStudent,guyStudent,1,1,0.0002226937543821887,0.0
woman_7_7,woman_7_7,1,1,0.00024458429591297175,0.0
man_7_7,man_7_7,1,1,0.00024458429591297175,0.0
neighborWoman,neighborWoman,1,1,0.00022164083298875588,0.0
salesman7_10,salesman7_10,1,1,0.0002226937543821887,0.0
Frannie'sFriend,Frannie'sFriend,1,1,0.00022164083298875588,0.0
Frannie'sMate,Frannie'sMate,1,1,0.00022164083298875588,0.0
auntMillie,auntMillie,1,1,0.00024458429591297175,0.0
fireman,fireman,1,1,0.0002220593316018827,0.0
supervisor,supervisor,1,1,0.0002220593316018827,0.0
Earl,Earl,1,1,0.00024331545035235976,0.0
manInSportscar,manInSportscar,1,1,0.0002226937543821887,0.0
storeOwner,storeOwner,1,1,0.00022244139478888128,0.0
AlanLewis,AlanLewis,1,1,0.00024458429591297175,0.0
Ned,Ned,1,1,0.00024458429591297175,0.0
castingDir_7_19,castingDir_7_19,1,1,0.0002460891044108422,0.0
director_7_19,director_7_19,1,1,0.00022344615863112392,0.0
BakersfieldGuy,BakersfieldGuy,1,1,0.00024086979681418075,0.0
policeman2,policeman2,1,1,0.0002226937543821887,0.0
womanWithJoey,womanWithJoey,1,1,0.00022344615863112392,0.0
RichardCrosby,RichardCrosby,1,1,0.0003140179417499971,0.0
Maureen,Maureen,1,1,0.00022164083298875588,0.0
guestAmanda,guestAmanda,1,1,0.00022244139478888128,0.0
Aaron,Aaron,1,1,0.0002460891044108422,0.0
tennisGirl,tennisGirl,1,1,0.00022344615863112392,0.0
Melinda,Melinda,1,1,0.0002226937543821887,0.0
Gert,Gert,1,1,0.0002226937543821887,0.0
man@wedding,man@wedding,1,1,0.00022221081570627022,0.0
anxiousGuest,anxiousGuest,1,1,0.0002226937543821887,0.0
bride,bride,1,1,0.00022221081570627022,0.0
date,date,1,1,0.0002226937543821887,0.0
MrFranklin,MrFranklin,1,1,0.0002436184185611348,0.0
Bob@office,Bob@office,1,1,0.0003292488299805932,0.0
girlWitch,girlWitch,1,1,0.00022244139478888128,0.0
boyClown,boyClown,1,1,0.00022244139478888128,0.0
cowGirl,cowGirl,1,1,0.00022244139478888128,0.0
ballerina,ballerina,1,1,0.00022244139478888128,0.0
Lelani,Lelani,1,1,0.00022244139478888128,0.0
boyInCape,boyInCape,1,1,0.00022244139478888128,0.0
waiter_8_8,waiter_8_8,1,1,0.000227502026811112,0.0
Stu,Stu,1,1,0.00022164083298875588,0.0
Jenny,Jenny,1,1,0.0002220593316018827,0.0
Trudy,Trudy,1,1,0.0002220593316018827,0.0
nurse_1_11,nurse_1_11,1,1,0.00022244139478888128,0.0
DrSchiff,DrSchiff,1,1,0.00022244139478888128,0.0
locksmith,locksmith,1,1,0.0002226937543821887,0.0
student_8_12,student_8_12,1,1,0.0002226937543821887,0.0
students,students,1,1,0.0002664748374437548,0.0
Mable,Mable,1,1,0.00022344615863112392,0.0
waiter2,waiter2,1,1,0.00028126877120119784,0.0
Jim,Jim,1,1,0.00024331545035235976,0.0
MrTyler,MrTyler,1,1,0.00022221081570627022,0.0
womanGivingBirth,womanGivingBirth,1,1,0.00022244139478888128,0.0
Clifford,Clifford,1,1,0.00022344615863112392,0.0
Walter,Walter,1,1,0.00022221081570627022,0.0
MsMcKenna,MsMcKenna,1,1,0.0002436184185611348,0.0
doctorPhone,doctorPhone,1,1,0.00022244139478888128,0.0
h.hunter(phone),h.hunter(phone),1,1,0.00022164083298875588,0.0
receptionist_9_3,receptionist_9_3,1,1,0.00022244139478888128,0.0
DrGettleman,DrGettleman,1,1,0.0002226937543821887,0.0
Sally,Sally,1,1,0.0002226937543821887,0.0
Hayley,Hayley,1,1,0.00026873205019056046,0.0
Hayley'sRoomate,Hayley'sRoomate,1,1,0.00022344615863112392,0.0
Ken,Ken,1,1,0.0002650260214159994,0.0
Claudia,Claudia,1,1,0.0002650260214159994,0.0
restGuest,restGuest,1,1,0.00022344615863112392,0.0
Chandler'sAssistant,Chandler'sAssistant,1,1,0.00022221081570627022,0.0
femaleExtra1,femaleExtra1,1,1,0.0002220593316018827,0.0
femaleExtra2,femaleExtra2,1,1,0.0002220593316018827,0.0
receptionist_9_13,receptionist_9_13,1,1,0.00022344615863112392,0.0
Sonya,Sonya,1,1,0.00022344615863112392,0.0
woman_9_13,woman_9_13,1,1,0.0002226937543821887,0.0
Michelle'sFriend,Michelle'sFriend,1,1,0.00027819658930398764,0.0
Kenneth,Kenneth,1,1,0.00022315846843150959,0.0
waiter_9_14,waiter_9_14,1,1,0.00028126877120119784,0.0
Steven,Steven,1,1,0.00022244139478888128,0.0
castingDir_9_15,castingDir_9_15,1,1,0.0002460891044108422,0.0
handyMan,handyMan,1,1,0.00022244139478888128,0.0
otherIntern,otherIntern,1,1,0.0002650260214159994,0.0
Olivia,Olivia,1,1,0.00022344615863112392,0.0
Chase,Chase,1,1,0.00022244139478888128,0.0
customer1,customer1,1,1,0.00022164083298875588,0.0
customer2,customer2,1,1,0.00022164083298875588,0.0
customer3,customer3,1,1,0.00022164083298875588,0.0
receptionist_9_19,receptionist_9_19,1,1,0.0002436184185611348,0.0
bitterWomanStage,bitterWomanStage,1,1,0.0002436184185611348,0.0
nurse_9_21,nurse_9_21,1,1,0.0002436184185611348,0.0
ProfSherman,ProfSherman,1,1,0.00024458429591297175,0.0
cologneSpritzer,cologneSpritzer,1,1,0.0002220593316018827,0.0
dress.RoomWoman,dress.RoomWoman,1,1,0.00022244139478888128,0.0
waiter_9_23,waiter_9_23,1,1,0.00022344615863112392,0.0
tanningSalonGuy,tanningSalonGuy,1,1,0.00024458429591297175,0.0
Glenda,Glenda,1,1,0.0002226937543821887,0.0
nachoGuy,nachoGuy,1,1,0.0002220593316018827,0.0
falafelGuy,falafelGuy,1,1,0.00022584888042132272,0.0
girl_10_6,girl_10_6,1,1,0.00022344615863112392,0.0
dateSarah,dateSarah,1,1,0.00026873205019056046,0.0
Joan,Joan,1,1,0.0002226937543821887,0.0
realtorNancy,realtorNancy,1,1,0.0002436184185611348,0.0
LeslieCharleson,LeslieCharleson,1,1,0.00027454903252817754,0.0
reunionMember,reunionMember,1,1,0.00022221081570627022,0.0
pizzaGuy_10,pizzaGuy_10,1,1,0.00022164083298875588,0.0
partyGoers,partyGoers,1,1,0.00022164083298875588,0.0
groomsMan,groomsMan,1,1,0.00022164083298875588,0.0
Chappy,Chappy,1,1,0.0002226937543821887,0.0
guyOnTape,guyOnTape,1,1,0.00022344615863112392,0.0
castingAssistant,castingAssistant,1,1,0.00022344615863112392,0.0
maitreD,maitreD,1,1,0.00022244139478888128,0.0
MrCampbell,MrCampbell,1,1,0.00022244139478888128,0.0
clerk_10_14,clerk_10_14,1,1,0.0002220593316018827,0.0
Mackenzie,Mackenzie,1,1,0.0002460891044108422,0.0
RLaurenEmpl.,RLaurenEmpl.,1,1,0.00022244139478888128,0.0
PhoebeAsEstelle,PhoebeAsEstelle,1,1,0.0002460891044108422,0.0
AlZebooker,AlZebooker,1,1,0.0002460891044108422,0.0
nurse_10_17,nurse_10_17,1,1,0.00024307798535239534,0.0
gateAttendant,gateAttendant,1,1,0.00022244139478888128,0.0
moverGuy1,moverGuy1,1,1,0.00022164083298875588,0.0
moverGuy2,moverGuy2,1,1,0.00022164083298875588,0.0
Barry,Barry,2,6,0.0010802861526471297,0.0031766976408644596
Mindy,Mindy,2,4,0.0005189560444954818,0.0005695230212566524
BarrysBestMan,BarrysBestMan,2,3,0.0003198211967590266,0.0
Robbie,Robbie,2,2,0.0003889757661152255,0.0
Bernice,Bernice,2,1,0.0002974006724439847,0.0
Kiki,Kiki,3,2,0.00034057876385491825,0.0
Betsy,Betsy,3,2,0.00034057876385491825,0.0
Andrea,Andrea,4,2,0.0006273834822781546,0.0026809651474530827
girl_1_8,girl_1_8,4,1,0.00046741405948862104,0.0
H.HuntAsCustomer,H.HuntAsCustomer,5,2,0.00038657101537404014,0.0
L.KenzleAsCustomer,L.KenzleAsCustomer,5,2,0.00038657101537404014,0.0
flightRepres.,flightRepres.,6,2,0.0006277836586061689,0.002680965147453083
airlinePass.,airlinePass.,6,1,0.0004675725639490167,0.0
Michael,Michael,7,2,0.0006188517958202162,0.002680965147453083
waiter_2_7,waiter_2_7,7,1,0.0004111544697222313,0.0
MrWeinberg,MrWeinberg,8,2,0.0003872518709977272,0.0
MrsWeinberg,MrsWeinberg,8,2,0.0003872518709977272,0.0
Julio,Julio,9,2,0.0005468879528118353,0.0026809651474530827
Jeannine,Jeannine,9,1,0.000355696125865033,0.0
Rhonda,Rhonda,10,4,0.0006835500799221205,0.0029466068954526374
PeterScientist,PeterScientist,10,2,0.00033868958661524394,0.0
museumWoman,museumWoman,10,1,0.0003167990450844609,0.0
Tom,Tom,11,6,0.0004888068581415408,0.00028186846151111974
Theodore,Theodore,11,6,0.0005484715612639007,0.00022180211665070543
Bitsy,Bitsy,11,6,0.0005729747267547991,0.00022180211665070543
Sue,Sue,11,5,0.00041766945967523816,0.0
Drake,Drake,12,3,0.0011641890905830213,0.005358331683969987
DrWesley,DrWesley,12,1,0.0005135353239798662,0.0
HopeBrady,HopeBrady,12,1,0.0005135353239798662,0.0
nurse1,nurse1,13,4,0.00062000368764557,0.0020771514363288
Stryker,Stryker,13,3,0.0005692983784276893,0.0011459315964776964
nurse2,nurse2,13,2,0.0004965005998330205,0.0
librarian,librarian,14,2,0.0003320082592444789,0.0
headLibrarian,headLibrarian,14,2,0.00038573704760184546,0.0
manHoneymoon,manHoneymoon,15,5,0.000595654342337597,0.00012314960710879878
womanHoneymoon,womanHoneymoon,15,5,0.000595654342337597,0.00012314960710879878
airlineEmpl,airlineEmpl,15,4,0.000388078528781798,0.0
deskClerk,deskClerk,15,3,0.00036667092592693336,0.0
bossSteve,bossSteve,16,2,0.00035544226032783365,0.0
intern,intern,16,2,0.0003191420977838931,0.0
ProfOberblau,ProfOberblau,17,2,0.0005496293160980055,0.002680965147453083
NancyOberblau,NancyOberblau,17,1,0.00035654474211622967,0.0
Bill_10,Bill_10,18,4,0.00040761618274685283,0.0
Colleen,Colleen,18,4,0.00040761618274685283,0.0
Owen,Owen,18,4,0.00037993499251377967,0.0
DrHobart,DrHobart,19,4,0.0008347567841197318,0.0053583316839699874
DrLi,DrLi,19,1,0.0002795499347640472,0.0
DrBiely,DrBiely,19,1,0.0002795499347640472,0.0
nervousPass.,nervousPass.,20,4,0.0013442042524289865,0.0053583316839699874
femailePass.,femailePass.,20,1,0.0004790580208499074,0.0
anotherPass.,anotherPass.,20,1,0.0004790580208499074,0.0
stewardess,stewardess,21,3,0.0008908481955493549,0.002680965147453083
femalePass.,femalePass.,21,1,0.00046649795393190836,0.0
